2019-03-20 04:35:41.538735,32.650000000000006,32.6125,32.462500000000006,32.362500000000004,32.362500000000004,32.35,32.400000000000006,32.362500000000004,32.35,32.46875,32.575,32.556250000000006,32.54375,32.54375,32.54375,32.6375,32.743750000000006,32.681250000000006,32.56250000000001,32.556250000000006,32.556250000000006
2019-03-20 04:37:06.225532,32.643750000000004,32.59375,32.4875,32.4875,32.5,32.5125,32.5125,32.6125,32.5875,32.45625,32.48125,32.48125,32.48125,32.443749999999994,32.4875,32.53125,32.5125,32.5375,32.53125,32.54375,32.54375
2019-03-20 04:37:09.773748,32.7,32.65,32.5875,32.65625,32.56875,32.56875,32.54375,32.581250000000004,32.581250000000004,32.53125,32.4875,32.46875,32.46875,32.4875,32.48125,32.49375,32.46875,32.41875,32.4375,32.4375,32.4375
2019-03-20 04:37:13.311032,32.54375,32.462500000000006,32.375,32.3625,32.3625,32.4625,32.575,32.587500000000006,32.58125,32.5375,32.5,32.5,32.58125,32.65625,32.643750000000004,32.56875,32.618750000000006,32.681250000000006,32.681250000000006,32.6625,32.6625
2019-03-20 04:37:17.026094,32.9875,32.85000000000001,32.48125,32.50625,32.50625,32.612500000000004,32.6625,32.53125,32.425,32.54375,32.60625,32.60625,32.63125,32.6375,32.675000000000004,32.48125,32.48125,32.362500000000004,32.3875,32.425,32.425
2019-03-20 04:37:20.739202,32.800000000000004,32.76875,32.65,32.78125,32.91875,32.618750000000006,32.3,32.375,32.375,32.3125,32.168749999999996,32.143750000000004,32.2,32.25625,32.31875,32.368750000000006,32.368750000000006,32.400000000000006,32.45,32.48125,32.48125
2019-03-20 04:37:24.392847,32.5125,32.51875,32.575,32.63125,32.675,32.525000000000006,32.306250000000006,32.34375,32.71875,32.71875,32.89375,32.75,32.70625,32.63125,32.54375,32.3875,32.33125,32.3875,32.3875,32.45625,32.45625
2019-03-22 03:57:03.552099,31.83125,31.75,31.7875,31.81875,31.81875,31.81875,31.85,31.831250000000004,31.831250000000004,31.85625,31.837500000000002,31.768749999999997,31.768749999999997,31.78125,31.81875,31.800000000000004,31.731250000000003,31.725,31.7875,31.7875,31.7875
2019-03-22 03:57:07.302102,31.856250000000003,31.793750000000003,31.7875,31.85625,31.837500000000002,31.75625,31.75625,31.85625,31.90625,31.90625,31.775,31.700000000000003,31.762500000000003,31.8125,31.85,31.775000000000002,31.725,31.81875,31.88125,31.88125,31.88125
2019-03-22 03:57:10.906605,31.993750000000002,31.943749999999998,31.85,31.85,31.86875,31.86875,31.856250000000003,31.81875,31.81875,31.837500000000002,31.843750000000004,31.83125,31.793750000000003,31.793750000000003,31.768750000000004,31.80625,31.84375,31.8625,31.862500000000004,31.800000000000004,31.800000000000004
2019-03-22 03:57:14.556662,31.856250000000006,31.856250000000006,31.831250000000004,31.837500000000002,31.83125,31.900000000000002,31.900000000000002,31.881249999999998,31.856250000000003,31.856250000000003,31.831250000000004,31.837500000000002,31.85,31.78125,31.78125,31.8375,31.81875,31.81875,31.8125,31.837500000000002,31.837500000000002
2019-03-22 03:57:18.226990,31.868750000000006,31.843750000000004,31.737500000000004,31.743750000000002,31.743750000000002,31.793750000000003,31.793750000000003,31.7375,31.75,31.800000000000004,31.793750000000003,31.743750000000002,31.743750000000002,31.731250000000003,31.81875,31.8125,31.78125,31.712500000000002,31.731250000000003,31.8125,31.8125
2019-03-22 03:57:21.891889,31.83125,31.725,31.800000000000004,31.800000000000004,31.875,31.85,31.843750000000004,31.7875,31.793750000000003,31.825000000000003,31.793750000000003,31.793750000000003,31.78125,31.7875,31.831250000000004,31.825000000000003,31.775000000000002,31.831250000000004,31.831250000000004,31.925000000000004,31.925000000000004
2019-03-25 06:41:24.171356,34.04375,33.81875,33.81875,33.6875,33.675,33.6875,33.7375,33.768750000000004,33.825,33.825,34.19375,34.45,34.4125,34.45625,34.456250000000004,34.474999999999994,34.474999999999994,34.49375,34.48125,34.48125,34.48125
2019-03-25 06:41:27.729503,34.612500000000004,34.693749999999994,34.643750000000004,34.65,34.63125,34.5625,34.5625,34.475,34.48125,34.55625,34.243750000000006,33.88125,33.875,33.88125,33.88125,33.90625,33.925,33.83125,33.75625000000001,33.83125,33.83125
2019-03-25 06:41:31.300778,33.931250000000006,33.931250000000006,33.875,33.775,33.7625,33.72500000000001,33.71875,33.775,33.775,33.831250000000004,33.89375,33.9375,33.90625,33.8,33.825,33.89375,33.89375,33.90625,33.88125,33.83125,33.83125
2019-03-25 06:41:34.778274,33.91875,34.04375,34.018750000000004,33.95,33.8625,33.7875,33.7875,33.7625,33.75625,33.75,33.79375,33.837500000000006,33.85625,33.85625,33.8375,33.825,33.837500000000006,33.825,33.806250000000006,33.806250000000006,33.806250000000006
2019-03-25 06:41:38.270951,34.01875,34.16875,34.075,33.925000000000004,33.925000000000004,33.8125,33.775000000000006,33.75,33.72500000000001,33.72500000000001,33.78125,33.78125,33.8125,33.81875,33.79375,33.7875,33.7875,33.806250000000006,33.806250000000006,33.88125,33.88125
2019-03-25 06:41:41.826788,33.98125,34.175,34.175,34.21875,34.1625,33.931250000000006,33.7375,33.725,33.78125,33.78125,33.824999999999996,33.8625,33.9,33.868750000000006,33.8375,33.8875,33.95625,33.95625,33.8875,33.91875,33.91875
2019-03-25 06:41:45.389916,34.03125,33.99375,33.99375,33.96875000000001,34.00625,33.89375,33.925,33.956250000000004,33.993750000000006,33.975,34.212500000000006,34.212500000000006,34.26875,33.8625,33.643750000000004,33.706250000000004,33.8375,33.8,33.831250000000004,33.831250000000004,33.831250000000004
2019-03-25 06:41:49.084642,34.00625,34.150000000000006,33.86875,33.65625,33.65625,33.75,34.03125,34.131249999999994,33.975,33.825,33.8125,33.837500000000006,33.837500000000006,34.1375,34.40625,34.55,34.275000000000006,33.825,33.75625,33.7,33.7
2019-03-25 06:41:52.561614,33.53125,33.53125,33.525000000000006,33.65,33.71875,33.7875,33.831250000000004,33.86875,33.86875,33.962500000000006,33.993750000000006,33.98125,34.0125,34.0875,34.0875,34.22500000000001,34.29375,34.24375,34.075,33.86875,33.86875
2019-03-25 06:41:56.069814,33.975,34.09375,34.03125,34.01875,34.01875,33.98125,33.89375,33.825,33.743750000000006,33.69375,33.69375,33.72500000000001,33.8625,33.91875,33.91875,33.90625,33.99375,34.075,34.075,33.90625,33.90625
2019-03-25 06:41:59.706612,34.1375,34.16875,33.98125,33.825,33.825,33.9375,33.96875,33.89375,33.8125,33.7375,33.76875,33.91875,33.91875,33.956250000000004,33.88125,33.85,33.8625,33.875,33.83125,34.056250000000006,34.056250000000006
2019-03-25 06:43:48.685673,34.09375,33.9,33.6625,33.6625,33.64375,33.6875,33.6625,33.712500000000006,33.84375,34.0625,34.225,34.206250000000004,34.206250000000004,34.0625,33.98125,34.04375,34.006249999999994,33.993750000000006,33.893750000000004,33.893750000000004,33.893750000000004
2019-03-25 08:21:20.169067,34.84375000000001,34.90625,34.7875,34.7875,34.737500000000004,34.64375,35.00625,35.275,34.85625,34.206250000000004,33.79375,33.79375,33.59375,33.625,33.79375,33.825,33.83125,33.95625,34.04375,33.943749999999994,33.943749999999994
2019-03-28 04:53:57.394082,33.181250000000006,33.21875,33.268750000000004,33.10625,33.10625,32.94375,32.94375,32.925,32.8875,32.93125,33.006249999999994,33.006249999999994,33.112500000000004,33.1375,33.0875,33.0875,33.125,33.0625,33.0,33.0,33.0
2019-03-28 04:54:27.535326,33.19375,33.306250000000006,33.47500000000001,33.47500000000001,33.44375,33.300000000000004,33.25,33.175,33.15625,33.09375,33.09375,33.0625,33.10625,33.15625,33.1375,33.150000000000006,33.150000000000006,33.150000000000006,33.09375,33.1375,33.1375
2019-03-28 04:54:31.112999,33.0625,33.056250000000006,33.05,33.10625,33.10625,33.087500000000006,33.025000000000006,33.0375,33.075,33.043749999999996,33.03125,33.03125,33.05625,33.1,33.1625,33.150000000000006,33.11875,33.09375,33.09375,33.13125,33.13125
2019-03-28 04:54:34.688846,33.10000000000001,33.087500000000006,33.08125,33.16875,33.16875,33.143750000000004,33.16250000000001,33.13125000000001,33.09375,33.1625,33.19375000000001,33.19375000000001,33.16250000000001,33.1375,33.143750000000004,33.2,33.206250000000004,33.125,33.09375,33.175000000000004,33.175000000000004
2019-04-03 07:02:01.507551,33.91875,33.93125,33.93125,33.825,33.681250000000006,33.61875,33.587500000000006,33.6,33.6,33.69375000000001,33.69375,33.7625,33.80625,33.8,33.831250000000004,33.831250000000004,33.8125,33.831250000000004,33.9875,34.056250000000006,34.056250000000006
2019-04-03 07:02:04.920295,34.025,33.9875,33.91875,33.78125,33.78125,33.7375,33.74375,33.787499999999994,33.84375,33.81875,33.81875,33.825,33.85000000000001,33.8125,33.875,33.99375,33.99375,33.95625,33.85625,33.831250000000004,33.831250000000004
2019-04-03 07:02:08.370928,33.875,34.0125,34.10625,34.006249999999994,33.900000000000006,33.8875,33.8875,33.85625,33.9125,33.8125,33.6875,33.743750000000006,33.743750000000006,33.75625,33.6875,33.625,33.69375,33.7625,33.75,33.75,33.75
2019-04-03 07:02:11.829415,33.7,33.7625,33.7625,33.7875,33.7625,33.712500000000006,33.7,33.775000000000006,33.825,33.875,33.875,33.84375,33.6875,33.60625,33.6375,33.6625,33.6625,33.66875,33.724999999999994,33.7375,33.7375
2019-04-03 07:02:15.258898,33.78125,33.8625,33.79375,33.806250000000006,33.900000000000006,33.85625,33.85625,33.75,33.73125,33.681250000000006,33.68125,33.70625,33.70625,33.725,33.675000000000004,33.65625,33.712500000000006,33.75625,33.75,33.75,33.75
2019-04-03 07:02:18.716201,33.7,33.7,33.64375,33.6375,33.66875,33.650000000000006,33.69375,33.7125,33.7125,33.6875,33.71875,33.743750000000006,33.6875,33.70625,33.85,33.85,33.86875,33.86875,33.7875,33.825,33.825
2019-04-03 07:02:22.162704,33.95,33.90625,33.84375000000001,33.81875,33.70625,33.70625,33.6375,33.675,33.63125,33.53750000000001,33.575,33.66875,33.66875,33.775000000000006,33.85625,34.3375,35.21875,35.63125,35.63125,35.6125,35.6125
2019-04-03 07:02:25.606249,35.625,35.625,35.6125,35.618750000000006,35.525,35.41875,35.425000000000004,35.425000000000004,35.493750000000006,35.575,35.6375,35.65,35.7375,35.85625,35.85625,35.85625,35.8125,35.83125,35.8,35.806250000000006,35.806250000000006
2019-04-03 07:02:29.019073,35.81875,35.9125,36.05,36.05,35.981249999999996,35.7875,35.6875,35.71875,35.71875,35.71875,35.75,35.775000000000006,35.78125,35.76875,35.76875,35.85625,35.85625,35.85625,35.837500000000006,35.825,35.825
2019-04-03 07:02:32.514357,35.831250000000004,35.925000000000004,35.9125,35.900000000000006,35.8875,35.79375,35.79375,35.75,35.775000000000006,35.775,35.75,35.85000000000001,35.8625,35.8625,35.85,35.868750000000006,35.85,35.825,35.831250000000004,35.97500000000001,35.97500000000001
2019-04-03 07:02:36.069540,36.081250000000004,35.93125,35.71875,35.581250000000004,35.643750000000004,35.643750000000004,35.681250000000006,35.681250000000006,35.743750000000006,35.9375,36.04375,36.04375,36.00000000000001,36.00000000000001,35.931250000000006,35.743750000000006,35.61875,35.643750000000004,35.69375000000001,35.69375000000001,35.69375000000001
2019-04-03 07:02:39.520771,35.868750000000006,35.98125,35.9125,35.76875,35.76875,35.806250000000006,35.81875,35.8125,35.800000000000004,35.66875,35.66875,35.73125,35.806250000000006,35.70625,35.643750000000004,35.70625,35.70625,35.69375,35.675,35.65,35.65
2019-04-03 07:02:42.974095,35.65625,35.84375,35.8625,35.743750000000006,35.7,35.7,35.7,35.737500000000004,35.79375,35.825,35.800000000000004,35.81875,35.79375,35.79375,35.76875,35.737500000000004,35.725,35.75,35.775000000000006,35.775000000000006,35.775000000000006
2019-04-03 07:02:46.534972,35.83125,36.19375,36.4375,36.362500000000004,36.362500000000004,36.08125,35.724999999999994,35.33125,34.9375,34.56875,33.91250000000001,33.91250000000001,33.393750000000004,33.400000000000006,33.475,33.375,33.306250000000006,33.36875,33.36875,33.4375,33.4375
2019-04-03 07:02:50.022667,33.46875,33.46875,33.4375,33.49375,33.49375,33.54375,33.56875,33.5875,33.575,33.59375,33.59375,33.8125,34.025000000000006,33.993750000000006,33.962500000000006,33.70625,33.4875,33.4875,33.4375,33.48125,33.48125
2019-04-03 07:02:53.487526,33.78125,33.78125,33.8,33.8125,33.987500000000004,34.118750000000006,34.1125,34.1125,34.04375,34.075,34.10625,34.03125,33.9875,34.0125,34.0125,33.98125,33.96875,33.956250000000004,33.962500000000006,34.681250000000006,34.681250000000006
2019-04-03 07:02:57.047203,35.5,35.59375,35.3875,35.2625,35.2625,35.35,35.35625,35.28125000000001,35.400000000000006,35.5625,35.56875,35.575,35.575,35.38125,35.175,35.21875,35.268750000000004,35.306250000000006,35.400000000000006,35.400000000000006,35.400000000000006
2019-04-03 07:03:00.538379,35.46875,35.556250000000006,35.462500000000006,35.31875000000001,35.38125,35.38125,35.400000000000006,35.325,35.21875,35.175,35.2125,35.28750000000001,35.28750000000001,35.54375,35.675,35.556250000000006,35.618750000000006,36.29375,36.29375,37.081250000000004,37.081250000000004
2019-04-03 07:03:04.098340,36.0375,35.9375,35.9375,36.01875,35.89375,35.73125,35.806250000000006,35.862500000000004,35.8,35.587500000000006,35.587500000000006,35.575,35.78750000000001,35.825,35.70625,35.800000000000004,36.243750000000006,36.243750000000006,36.19375,36.0875,36.0875
2019-04-03 07:03:07.558216,35.80625,35.756249999999994,35.59375,35.59375,35.5125,35.50625,35.54375,35.587500000000006,35.66875,35.66875,35.737500000000004,35.81875,35.90625,35.9625,35.956250000000004,35.98125,35.98125,35.5125,35.150000000000006,35.1875,35.1875
2019-04-03 07:03:10.994670,34.9875,34.712500000000006,34.34375,33.95,33.625,33.475,33.475,33.96875,34.425,34.275000000000006,34.125,34.0625,34.0625,34.037499999999994,34.09375,34.150000000000006,34.0625,34.025000000000006,34.1875,34.1875,34.1875
2019-04-03 07:03:14.433213,34.55625,34.306250000000006,34.306250000000006,34.075,33.8875,33.8875,33.91875,34.03125,34.03125,34.10625,33.5375,33.243750000000006,33.2875,33.349999999999994,33.349999999999994,33.5125,33.325,33.30625,33.337500000000006,33.24375,33.24375
2019-04-03 07:03:17.868241,33.475,33.550000000000004,33.337500000000006,33.33125,33.33125,33.400000000000006,33.4375,33.45,33.40625,33.375,33.375,33.45,33.50625000000001,33.46875,33.431250000000006,33.46875,33.474999999999994,33.474999999999994,33.48125,33.4375,33.4375
2019-04-03 07:03:21.307354,33.48125,33.575,33.59375,33.625,33.650000000000006,33.6,33.55625,33.55625,33.59375,33.5125,33.368750000000006,33.35,33.368750000000006,33.368750000000006,33.400000000000006,33.38125,33.3875,33.45625,33.5125,33.5125,33.5125
2019-04-03 07:03:24.805892,33.556250000000006,33.66875,33.5625,33.4875,33.4875,33.45625,33.39375,33.41250000000001,33.45625,33.43125,33.400000000000006,33.400000000000006,33.425000000000004,33.46875,33.4875,33.475,33.425,33.425,33.3875,33.400000000000006,33.400000000000006
2019-04-03 07:03:28.252989,33.56875,33.56875,33.575,33.512499999999996,33.493750000000006,33.4625,33.45,33.45,33.4375,33.45,33.5125,33.46875,33.368750000000006,33.41875,33.41875,33.493750000000006,33.4125,33.3875,33.51875,33.525000000000006,33.525000000000006
2019-04-03 07:03:31.719223,33.60625,33.78750000000001,33.625,33.54375,33.54375,33.50625,33.375,33.35,33.33125,33.3625,33.3625,33.34375000000001,33.30625,33.318749999999994,33.375,33.40625,33.44375,33.44375,33.425,33.375,33.375
2019-04-03 07:03:35.175651,33.49375,33.66875,33.5125,33.3,33.262499999999996,33.275,33.29375,33.29375,33.325,33.38125,33.400000000000006,33.425,33.41875,33.41875,33.44375,33.48125,33.54375,33.5625,33.5,33.4375,33.4375
2019-04-03 07:03:38.640437,33.63125,33.65625,33.49375,33.456250000000004,33.456250000000004,33.431250000000006,33.3875,33.30625,33.325,33.375,33.31875,33.31875,33.34375,33.400000000000006,33.393750000000004,33.3625,33.5,33.5,33.5125,33.45,33.45
2019-04-03 07:03:42.103683,33.5375,33.5375,33.65625,33.5125,33.45,33.54375,33.5125,33.5125,33.456250000000004,33.41875,33.40625,33.35625,33.3,33.26875,33.26875,33.275000000000006,33.3,33.28125,33.225,33.2625,33.2625
2019-04-03 07:03:45.547617,33.38125,33.3875,33.337500000000006,33.375,33.375,33.40625,33.400000000000006,33.368750000000006,33.35,33.325,33.431250000000006,33.431250000000006,33.4375,33.35000000000001,33.34375,33.35,33.400000000000006,33.400000000000006,33.375,33.368750000000006,33.368750000000006
2019-04-03 07:03:49.033990,33.5625,33.5625,33.56875,33.35,33.35625,33.33125,33.35000000000001,33.35000000000001,33.35,33.325,33.4625,33.487500000000004,33.45,33.431250000000006,33.44375,33.44375,33.4375,33.41875,33.425,33.400000000000006,33.400000000000006
2019-04-03 07:03:52.539911,33.46875,33.55,33.3875,33.25625,33.25625,33.3,33.3,33.368750000000006,33.33125,33.35,33.4375,33.5,33.5,33.43125,33.3,33.31875,33.393750000000004,33.40625,33.3375,33.3375,33.3375
2019-04-03 07:03:56.022414,33.5625,33.50625,33.325,33.325,33.33125,33.3,33.38125,33.39375,33.34375,33.3375,33.3375,33.36875,33.3875,33.400000000000006,33.362500000000004,33.35,33.35,33.375,33.400000000000006,33.3875,33.3875
2019-04-03 07:03:59.493892,33.50625,33.50625,33.431250000000006,33.35,33.35625,33.36875,33.400000000000006,33.400000000000006,33.375,33.34375,33.3625,33.375,33.41875,33.475,33.475,33.45,33.39375,33.400000000000006,33.41875,33.43125,33.43125
2019-04-03 07:04:03.063809,33.5125,33.575,33.525000000000006,33.4625,33.45,33.45,33.412499999999994,33.4625,33.425,33.368750000000006,33.4125,33.39375,33.39375,33.425,33.45,33.39375,33.300000000000004,33.23125,33.21875,33.21875,33.21875
2019-04-03 07:04:06.516506,33.425,33.43125,33.275000000000006,33.237500000000004,33.26875,33.26875,33.306250000000006,33.29375,33.35625,33.39375,33.36875,33.36875,33.325,33.349999999999994,33.40625,33.39375,33.34375,33.34375,33.3375,33.38125000000001,33.38125000000001
2019-04-03 07:04:09.986202,33.525000000000006,33.525000000000006,33.525000000000006,33.368750000000006,33.38125000000001,33.393750000000004,33.3625,33.337500000000006,33.337500000000006,33.475,33.63125,33.625,33.475,33.337500000000006,33.3625,33.3625,33.40625,33.35,33.35,33.41250000000001,33.41250000000001
2019-04-03 07:04:13.437246,33.462500000000006,33.4875,33.425,33.40625,33.462500000000006,33.462500000000006,33.462500000000006,33.44375,33.4375,33.41875,33.45,33.45,33.51875,33.5125,33.45,33.45625,33.53125,33.556250000000006,33.556250000000006,33.60625,33.60625
2019-04-03 07:04:16.939943,33.69375,33.76875,33.76875,33.618750000000006,33.5,33.4375,33.46875,33.51875,33.46875,33.46875,33.4625,33.474999999999994,33.46875,33.51875,33.49375,33.49375,33.49375,33.525000000000006,33.55,33.55,33.55
2019-04-03 07:04:20.396214,33.681250000000006,33.7875,33.650000000000006,33.59375,33.55,33.556250000000006,33.556250000000006,33.59375,33.5625,33.59375,33.60000000000001,33.575,33.575,33.65625,33.65625,33.456250000000004,33.3375,33.425000000000004,33.5125,33.5125,33.5125
2019-04-03 07:04:23.864815,33.768750000000004,33.768750000000004,33.68125,33.68125,33.706250000000004,33.69375,33.64375,33.675000000000004,33.631249999999994,33.631249999999994,33.66875,33.6875,33.612500000000004,33.6375,33.6125,33.55625,33.55625,33.456250000000004,33.4125,33.4125,33.4125
2019-04-03 07:04:27.331724,33.43125,33.55625,33.45,33.3,33.29375,33.3125,33.3125,33.331250000000004,33.325,33.375,33.4125,33.46875,33.46875,33.518750000000004,33.5125,33.525000000000006,33.51875,33.456250000000004,33.43125,33.43125,33.43125
2019-04-03 07:04:30.807535,33.625,33.73125,33.53125,33.53125,33.35,33.362500000000004,33.3875,33.4375,33.375,33.34375,33.34375,33.462500000000006,33.5375,33.45625,33.4875,33.5125,33.5125,33.46875,33.475,33.46875,33.46875
2019-04-03 07:04:34.260877,33.5125,33.66250000000001,33.556250000000006,33.35625,33.3375,33.31875,33.3625,33.3625,33.44375,33.393750000000004,33.375,33.425,33.425000000000004,33.425000000000004,33.4375,33.4375,33.362500000000004,33.3125,33.38125,33.35625,33.35625
2019-04-03 07:04:37.731408,33.48125,33.5625,33.3875,33.337500000000006,33.337500000000006,33.2625,33.175000000000004,33.2625,33.29375,33.3125,33.3125,33.3,33.24375,33.225,33.26875,33.275000000000006,33.30625,33.30625,33.40625,33.35000000000001,33.35000000000001
2019-04-03 07:04:41.226705,33.59375,33.59375,33.54375,33.33125,33.325,33.375,33.38125,33.337500000000006,33.337500000000006,33.38125,33.44375,33.4125,33.400000000000006,33.45,33.4875,33.4875,33.5375,33.53125,33.48125,33.474999999999994,33.474999999999994
2019-04-03 07:04:44.689300,33.518750000000004,33.59375,33.493750000000006,33.425,33.4375,33.4375,33.400000000000006,33.393750000000004,33.28125,33.306250000000006,33.337500000000006,33.3,33.3,33.306250000000006,33.318749999999994,33.39375,33.475,33.45,33.33125,33.33125,33.33125
2019-04-03 07:04:48.113142,33.49375,33.49375,33.50625,33.38125000000001,33.3125,33.325,33.35000000000001,33.29375,33.29375,33.306250000000006,33.368750000000006,33.4125,33.425,33.425,33.425,33.41875,33.4375,33.431250000000006,33.40625,33.38125,33.38125
2019-04-03 07:04:51.591569,33.44375,33.6,33.5,33.33125,33.33125,33.349999999999994,33.425,33.4125,33.381249999999994,33.400000000000006,33.41875,33.41875,33.48125,33.4875,33.40625000000001,33.393750000000004,33.41250000000001,33.41250000000001,33.375,33.431250000000006,33.431250000000006
2019-04-03 07:04:55.099891,33.63125,33.650000000000006,33.45,33.45,33.325,33.33125,33.306250000000006,33.25625,33.26875,33.26875,33.2875,33.3,33.3875,33.48125,33.48125,33.36875,33.36875,33.375,33.43125,33.41875,33.41875
2019-04-03 07:04:58.555226,33.5,33.71875,33.76875,33.575,33.375,33.3,33.3,33.31875,33.31875,33.29375,33.3,33.337500000000006,33.39375,33.39375,33.475,33.46875,33.4125,33.425,33.474999999999994,33.474999999999994,33.474999999999994
2019-04-03 07:05:02.017895,33.6125,33.7375,33.6625,33.6625,33.70625,33.568749999999994,33.40625,33.40625,33.3875,33.40625,33.40625,33.49375,33.4375,33.4125,33.6125,33.61875,33.61875,33.5125,33.45,33.362500000000004,33.362500000000004
2019-04-03 07:05:05.481864,33.5,33.69375,33.55625,33.45,33.6,33.5125,33.5125,33.3625,33.275000000000006,33.375,33.425,33.456250000000004,33.58125,33.58125,33.4875,33.362500000000004,33.4375,33.4125,33.375,33.325,33.325
2019-04-03 07:05:08.969836,33.4875,33.54375,33.41875,33.35625,33.33125,33.33125,33.33125,33.28125,33.331250000000004,33.43125,33.456250000000004,33.431250000000006,33.431250000000006,33.46875,33.474999999999994,33.456250000000004,33.4375,33.393750000000004,33.393750000000004,33.45,33.45
2019-04-03 07:05:12.415627,33.59375,33.59375,33.625,33.50625,33.506249999999994,33.462500000000006,33.462500000000006,33.46875,33.46875,33.45625,33.45,33.40625,33.393750000000004,33.39375,33.39375,33.38125000000001,33.368750000000006,33.44375,33.45625,33.393750000000004,33.393750000000004
2019-04-03 07:05:15.899552,33.5125,33.543749999999996,33.40625,33.35000000000001,33.35000000000001,33.38125000000001,33.39375,33.34375,33.3875,33.4375,33.4125,33.4125,33.39375,33.41875,33.425,33.4125,33.431250000000006,33.4125,33.4125,33.45625,33.45625
2019-04-03 07:05:19.395483,33.581250000000004,33.581250000000004,33.65625,33.5125,33.431250000000006,33.44375,33.425000000000004,33.44375000000001,33.44375000000001,33.525000000000006,33.45625,33.39375,33.50625,33.5625,33.581250000000004,33.581250000000004,33.650000000000006,33.681250000000006,33.75625,33.8,33.8
2019-04-03 07:05:22.850338,33.743750000000006,33.712500000000006,33.54375,33.3875,33.40625,33.425000000000004,33.425000000000004,33.46875,33.5,33.5625,33.6125,33.575,33.575,33.575,33.56875,33.59375,33.568749999999994,33.56875,33.55,33.55,33.55
2019-04-03 07:05:26.294857,33.73125,33.818749999999994,33.51875,33.51875,33.375,33.400000000000006,33.3875,33.456250000000004,33.962500000000006,33.962500000000006,34.54375,34.806250000000006,34.88125,34.862500000000004,34.79375,34.7625,34.7625,34.84375,34.8625,34.775000000000006,34.775000000000006
2019-04-03 07:05:29.760911,34.79375,34.90625,34.78125,34.6,34.50625,34.3875,34.3875,34.39375,34.368750000000006,34.19375,34.34375,34.293749999999996,34.293749999999996,33.75,33.43125,33.38125,33.3625,33.393750000000004,33.393750000000004,33.337500000000006,33.337500000000006
2019-04-03 07:05:33.312689,33.618750000000006,33.6625,33.474999999999994,33.474999999999994,33.46875,33.48125,33.48125,33.50625000000001,33.5,33.575,33.575,33.587500000000006,33.46875,33.49375,33.4375,33.38125,33.45625,33.45625,33.4375,33.431250000000006,33.431250000000006
2019-04-03 07:05:36.743013,33.49375,33.60625,33.60625,33.6375,33.643750000000004,33.462500000000006,33.3,33.29375,33.29375,33.40625000000001,33.6375,33.69375,33.6125,33.66250000000001,33.74375,33.74375,33.693749999999994,33.48125,33.40625,33.53125,33.53125
2019-04-03 07:05:40.227749,33.675,33.80625,33.60625,33.587500000000006,33.74375,33.74375,33.706250000000004,33.575,33.3875,33.35625,33.53125,34.087500000000006,34.087500000000006,35.675000000000004,36.8,36.8875,36.75,36.1,36.1,35.16875,35.16875
2019-04-03 07:05:43.680405,35.05625,34.9875,34.9875,34.78125,34.7625,34.89375,35.0125,35.0375,35.050000000000004,35.050000000000004,35.025000000000006,34.675,34.06875,33.78750000000001,33.681250000000006,33.681250000000006,33.556250000000006,33.48125,33.587500000000006,33.54375,33.54375
2019-04-03 07:05:47.155226,33.587500000000006,33.75,33.550000000000004,33.43125,33.493750000000006,33.493750000000006,33.45,33.3875,33.287499999999994,33.206250000000004,33.212500000000006,33.2625,33.2625,33.3,33.3875,33.44375,33.38125,33.38125,33.38125,33.38125,33.38125
2019-04-03 07:05:50.620242,33.64375,33.59375,33.38125,33.38125,33.3625,33.36875,33.36875,33.493750000000006,33.537499999999994,33.44375,33.44375,33.50625,33.51875,33.5125,33.51875,33.518750000000004,33.518750000000004,33.4875,33.4875,33.46875,33.46875
2019-04-03 07:05:54.087269,33.6125,33.787499999999994,33.575,33.40625,33.4125,33.46875,33.46875,33.45,33.375,33.462500000000006,33.5125,33.4375,33.431250000000006,33.431250000000006,33.46875,33.462500000000006,33.48125,33.4875,33.456250000000004,33.493750000000006,33.493750000000006
2019-04-03 07:05:57.561259,33.6125,33.6875,33.575,33.575,33.46875,33.456250000000004,33.5,33.51875,33.51875,33.5875,33.5875,33.55625,33.55,33.53125,33.50625,33.50625,33.53125,33.53125,33.60625,33.581250000000004,33.581250000000004
2019-04-03 07:06:01.009550,33.556250000000006,33.625,33.587500000000006,33.49375,33.46875,33.45,33.46875,33.46875,33.4875,33.51875,33.50625,33.575,33.6375,33.6375,33.575,33.5375,33.537499999999994,33.5,33.49375,33.475,33.475
2019-04-03 07:06:04.484072,33.63125,33.70625,33.4875,33.400000000000006,33.400000000000006,33.38125,33.400000000000006,33.44375,33.4375,33.4125,33.4125,33.40625,33.4375,33.362500000000004,33.2875,33.29375,33.28125,33.28125,33.41875,33.44375,33.44375
2019-04-03 07:06:07.940115,33.400000000000006,33.5625,33.5,33.3,33.31875,33.35,33.412499999999994,33.412499999999994,33.425000000000004,33.393750000000004,33.45625,33.425,33.33125,33.45625,33.45625,33.537499999999994,33.4125,33.31875,33.325,33.3625,33.3625
2019-04-03 07:06:11.427116,33.612500000000004,33.71875,33.4875,33.41875,33.41875,33.475,33.46875,33.5125,33.45,33.40625,33.475,33.475,33.475,33.49375,33.525,33.38125000000001,33.35,33.4375,33.4375,33.3875,33.3875
2019-04-03 07:06:14.880125,33.743750000000006,33.743750000000006,33.70625,33.462500000000006,33.4125,33.4625,33.4875,33.4625,33.4625,33.41875,33.4375,33.41875,33.375,33.35625,33.368750000000006,33.368750000000006,33.49375,33.493750000000006,33.487500000000004,33.462500000000006,33.462500000000006
2019-04-03 07:06:18.333695,33.5875,33.743750000000006,33.6125,33.4375,33.4375,33.393750000000004,33.40625,33.425,33.44375,33.431250000000006,33.4125,33.4125,33.3625,33.34375,33.368750000000006,33.4375,33.41250000000001,33.41250000000001,33.34375,33.337500000000006,33.337500000000006
2019-04-03 07:06:21.889013,33.462500000000006,33.462500000000006,33.51875,33.368750000000006,33.35,33.375,33.275000000000006,33.206250000000004,33.206250000000004,33.2375,33.25625,33.28125,33.331250000000004,33.38125,33.45,33.45,33.50625,33.48125,33.49375,33.481249999999996,33.481249999999996
2019-04-03 07:06:25.356068,33.56875,33.56875,33.537499999999994,33.38125,33.49375,33.4375,33.29375,33.28125,33.28125,33.212500000000006,33.212500000000006,33.28125,33.306250000000006,33.456250000000004,33.5,33.5,33.39375,33.375,33.393750000000004,33.46875,33.46875
2019-04-03 07:06:28.800946,33.54375,33.5125,33.35,33.5,33.5,33.5375,33.35,33.337500000000006,33.29375,33.3,33.33125,33.33125,33.35625,33.35625,33.3875,33.35,33.34375,33.34375,33.362500000000004,33.325,33.325
2019-04-03 07:06:32.275824,33.51875,33.51875,33.49375,33.40625000000001,33.4375,33.41875,33.30625,33.30625,33.30625,33.35,33.349999999999994,33.40625,33.38125,33.38125,33.38125,33.44375,33.425,33.43125,33.43125,33.40625,33.40625
2019-04-03 07:06:35.813790,33.48125,33.6,33.475,33.29375,33.2625,33.2625,33.29375,33.34375,33.4125,33.5125,33.50625,33.45625,33.45625,33.44375000000001,33.45625,33.44375,33.39375,33.2875,33.3125,33.3125,33.3125
2019-04-03 07:06:39.275449,33.4125,33.5875,33.4625,33.3125,33.3,33.3,33.287499999999994,33.34375,33.425,33.35000000000001,33.31875,33.31875,33.4375,33.393750000000004,33.393750000000004,33.43125,33.431250000000006,33.462500000000006,33.462500000000006,33.45,33.45
2019-04-03 07:06:42.758984,33.625,33.625,33.6,33.43125,33.4125,33.33125,33.3,33.38125,33.38125,33.3875,33.431250000000006,33.487500000000004,33.45625,33.4375,33.45,33.45,33.41875,33.40625000000001,33.41875,33.3875,33.3875
2019-04-03 07:06:46.211740,33.43125,33.51875,33.41875,33.325,33.35625,33.35625,33.400000000000006,33.40625,33.41875,33.431250000000006,33.48125,33.45,33.45,33.40625,33.425,33.44375,33.400000000000006,33.400000000000006,33.400000000000006,33.45,33.45
2019-04-03 07:06:49.702230,33.64375,33.6625,33.50625,33.50625,33.5,33.4625,33.375,33.2875,33.25,33.25,33.2875,33.34375,33.462500000000006,33.3875,33.33125,33.31875,33.31875,33.325,33.306250000000006,33.275000000000006,33.275000000000006
2019-04-03 07:06:53.192134,33.29375,33.48125,33.59375,33.337500000000006,33.19375,33.23125,33.23125,33.268750000000004,33.25625,33.2375,33.25,33.2875,33.400000000000006,33.400000000000006,33.3875,33.28125,33.31875,33.331250000000004,33.34375,33.318749999999994,33.318749999999994
2019-04-03 07:06:56.661736,33.512499999999996,33.60625,33.400000000000006,33.3625,33.3625,33.33125,33.40625,33.393750000000004,33.35,33.38125,33.38125,33.41875,33.45,33.46875,33.5,33.4125,33.3375,33.3375,33.325,33.31875,33.31875
2019-04-03 07:07:00.221470,33.537499999999994,33.537499999999994,33.44375,33.287499999999994,33.30625,33.3375,33.31875,33.3625,33.3625,33.431250000000006,33.400000000000006,33.36875,33.393750000000004,33.48125,33.550000000000004,33.550000000000004,33.56875,33.54375,33.53125,33.537499999999994,33.537499999999994
2019-04-03 07:07:03.678642,33.66875,33.66875,33.58125,33.5,33.5125,33.475,33.41875,33.40625,33.40625,33.34375,33.26875,33.306250000000006,33.31875,33.337500000000006,33.337500000000006,33.368750000000006,33.35,33.29375,33.337500000000006,33.35625,33.35625
2019-04-03 07:07:07.122676,33.41875,33.50625,33.41875,33.36875,33.36875,33.375,33.368750000000006,33.368750000000006,33.375,33.51875,33.51875,33.59375,33.45625,33.29375,33.25625,33.26875,33.28125,33.28125,33.28125,33.275000000000006,33.275000000000006
2019-04-03 07:07:10.567075,33.33125,33.51875,33.474999999999994,33.16250000000001,33.181250000000006,33.3125,33.375,33.375,33.3,33.2875,33.3625,33.456250000000004,33.4875,33.4875,33.456250000000004,33.41875,33.45625,33.525,33.51875,33.4625,33.4625
2019-04-03 07:07:14.125706,33.681250000000006,33.706250000000004,33.425,33.425,33.28125,33.19375,33.31875,33.337500000000006,33.28125,33.325,33.34375,33.34375,33.4,33.4875,33.525,33.425000000000004,33.34375,33.31875,33.31875,33.39375,33.39375
2019-04-03 07:07:17.601583,33.599999999999994,33.61875,33.2875,33.1875,33.1875,33.237500000000004,33.26875,33.3,33.28125,33.2875,33.29375,33.29375,33.3125,33.35,33.337500000000006,33.3,33.26875,33.26875,33.375,33.400000000000006,33.400000000000006
2019-04-03 07:07:21.041639,33.53125,33.53125,33.537499999999994,33.39375,33.3875,33.3875,33.35625,33.35625,33.35625,33.36875,33.412499999999994,33.400000000000006,33.337500000000006,33.337500000000006,33.375,33.431250000000006,33.425,33.375,33.40625,33.4125,33.4125
2019-04-03 07:07:24.488748,33.3875,33.41875,33.36875,33.36875,33.3875,33.39375,33.40625,33.45,33.381249999999994,33.381249999999994,33.34375000000001,33.400000000000006,33.368750000000006,33.331250000000004,33.36875,33.36875,33.36875,33.38125,33.3875,33.35,33.35
2019-04-03 07:07:27.968178,33.45,33.56875,33.48125,33.400000000000006,33.49375,33.4875,33.4875,33.40625,33.400000000000006,33.34375,33.34375,33.38125,33.34375,33.34375,33.29375,33.2625,33.325,33.3,33.1875,33.21875,33.21875
2019-04-03 07:07:31.429575,33.337500000000006,33.475,33.3875,33.25625,33.25625,33.25,33.275,33.29375,33.23125,33.243750000000006,33.243750000000006,33.3125,33.3625,33.40625,33.3875,33.31875,33.31875,33.3875,33.40625,33.3625,33.3625
2019-04-03 07:07:34.897491,33.48125,33.48125,33.45625,33.368750000000006,33.3,33.28750000000001,33.3,33.3,33.3,33.29375,33.2875,33.29375,33.35625,33.3875,33.3875,33.3125,33.306250000000006,33.393750000000004,33.39375,33.400000000000006,33.400000000000006
2019-04-03 07:07:38.381134,33.5375,33.537499999999994,33.3875,33.34375,33.35,33.35,33.34375,33.368750000000006,33.41875,33.39375,33.375,33.375,33.35625,33.41875,33.425000000000004,33.44375,33.462500000000006,33.39375,33.39375,33.38125,33.38125
2019-04-03 07:07:41.922245,33.681250000000006,33.6875,33.6875,33.35625,33.368750000000006,33.38125,33.33125,33.3125,33.38125,33.368750000000006,33.368750000000006,33.3125,33.25625,33.2375,33.325,33.362500000000004,33.362500000000004,33.26875,33.25,33.256249999999994,33.256249999999994
2019-04-03 07:07:45.360964,33.425,33.425,33.4125,33.19375000000001,33.175000000000004,33.143750000000004,33.125,33.15625000000001,33.15625000000001,33.143750000000004,33.14375,33.16250000000001,33.118750000000006,33.087500000000006,33.087500000000006,33.175000000000004,33.2625,33.206250000000004,33.15625,33.181250000000006,33.181250000000006
2019-04-03 07:07:48.807310,33.206250000000004,33.175000000000004,33.181250000000006,33.21875,33.21875,33.20625,33.181250000000006,33.181250000000006,33.16875,33.181250000000006,33.181250000000006,33.26875,33.2875,33.21875,33.181250000000006,33.15625000000001,33.243750000000006,33.243750000000006,33.26875,33.231249999999996,33.231249999999996
2019-04-03 07:07:52.303966,33.25625,33.3125,33.325,33.25,33.212500000000006,33.212500000000006,33.212500000000006,33.212500000000006,33.237500000000004,33.29375,33.35,33.35625,33.400000000000006,33.375,33.375,33.33125,33.25,33.275,33.275000000000006,33.24375,33.24375
2019-04-03 07:07:55.844134,33.325,33.5,33.393750000000004,33.181250000000006,33.1375,33.1375,33.081250000000004,33.09375,33.13125,33.125,33.1875,33.181250000000006,33.181250000000006,33.21875,33.306250000000006,33.268750000000004,33.25625,33.23125,33.23125,33.23125,33.23125
2019-04-03 07:07:59.332328,33.400000000000006,33.375,33.26875,33.243750000000006,33.243750000000006,33.243750000000006,33.20625,33.13125,33.23125,33.34375,33.33125,33.33125,33.33125,33.400000000000006,33.44375,33.40625,33.41875,33.41875,33.3875,33.41875,33.41875
2019-04-03 07:08:02.796529,33.7,33.6,33.6,33.34375,33.306250000000006,33.331250000000004,33.393750000000004,33.35,33.28125,33.28125,33.35,33.38125,33.375,33.300000000000004,33.35625,33.35625,33.41250000000001,33.39375,33.375,33.35,33.35
2019-04-03 07:08:06.276824,33.51875,33.5375,33.3875,33.35625,33.3625,33.3625,33.400000000000006,33.35000000000001,33.29375,33.34375,33.368750000000006,33.393750000000004,33.393750000000004,33.43125,33.400000000000006,33.425,33.400000000000006,33.34375,33.325,33.325,33.325
2019-04-03 07:08:09.740215,33.581250000000004,33.71875,33.44375,33.44375,33.3,33.3125,33.325,33.337500000000006,33.306250000000006,33.3,33.3,33.425000000000004,33.4375,33.393750000000004,33.375,33.39375,33.39375,33.4375,33.425,33.400000000000006,33.400000000000006
2019-04-03 07:08:13.217976,33.400000000000006,33.44375,33.44375,33.34375,33.31875,33.337500000000006,33.337500000000006,33.31875,33.33125,33.29375,33.26875,33.306250000000006,33.35625,33.35625,33.375,33.362500000000004,33.31875,33.306250000000006,33.31875,33.35000000000001,33.35000000000001
2019-04-03 07:08:16.701732,33.65,33.806250000000006,33.66875,33.7625,33.7625,33.7625,33.712500000000006,33.725,33.712500000000006,33.7375,33.7375,33.7375,33.66875,33.76875,33.76875,33.800000000000004,33.81875,33.81875,33.8125,33.837500000000006,33.837500000000006
2019-04-03 07:08:20.260835,34.00625,34.00625,33.90625,33.71875,33.7,33.650000000000006,33.69375,33.8625,33.8625,33.96875,34.04375,34.087500000000006,34.056250000000006,34.0625,34.075,33.97500000000001,33.97500000000001,33.85,33.8875,33.9375,33.9375
2019-04-03 07:08:23.714974,34.225,34.225,34.225,34.00625,33.96875,33.8125,33.59375,33.349999999999994,33.349999999999994,33.3,33.35,33.3625,33.35625,33.368750000000006,33.368750000000006,33.3,33.331250000000004,33.38125,33.30625,33.35,33.35
2019-04-03 07:08:27.149102,33.425,33.54375,33.537499999999994,33.518750000000004,33.518750000000004,33.46875,33.31875,33.21875,33.212500000000006,33.28125,33.28125,33.2625,33.25625,33.29375,33.325,33.40625,33.44375000000001,33.44375000000001,33.4375,33.44375,33.44375
2019-04-03 07:08:30.639993,33.3875,33.425,33.493750000000006,33.45,33.4125,33.35625,33.300000000000004,33.300000000000004,33.26875,33.2375,33.26875,33.324999999999996,33.40625,33.36875,33.36875,33.26875,33.29375,33.337500000000006,33.35,33.3375,33.3375
2019-04-03 07:08:34.102379,33.55,33.5625,33.331250000000004,33.28125,33.18750000000001,33.18750000000001,33.15625,33.16875,33.181250000000006,33.175000000000004,33.181250000000006,33.181250000000006,33.3,33.29375,33.212500000000006,33.21875,33.18750000000001,33.2,33.2,33.20625,33.20625
2019-04-03 07:08:37.552670,33.45625,33.45625,33.45,33.287499999999994,33.143750000000004,33.0625,33.09375,33.13125,33.13125,33.10625,33.13125,33.16250000000001,33.16875,33.2,33.2,33.181250000000006,33.175000000000004,33.1625,33.150000000000006,33.13125000000001,33.13125000000001
2019-04-03 07:08:41.005779,33.25,33.35625,33.212500000000006,33.1375,33.1375,33.1375,33.11875,33.11875,33.1125,33.13125,33.181250000000006,33.181250000000006,33.181250000000006,33.1375,33.2,33.35,33.425,33.24375,33.24375,33.075,33.075
2019-04-03 07:08:44.554352,33.3375,33.3375,33.31875,33.16250000000001,33.175,33.29375,33.26875,33.22500000000001,33.22500000000001,33.28125,33.3125,33.306250000000006,33.300000000000004,33.306250000000006,33.237500000000004,33.23125,33.23125,33.3,33.212500000000006,33.087500000000006,33.087500000000006
2019-04-03 07:08:47.988523,33.26875,33.26875,33.475,33.4375,33.3875,33.243750000000006,33.243750000000006,33.150000000000006,33.2375,33.243750000000006,33.21875,33.25625,33.275000000000006,33.275000000000006,33.3,33.268750000000004,33.3125,33.337500000000006,33.3375,33.3375,33.3375
2019-04-03 07:08:51.432457,33.368750000000006,33.46875,33.337500000000006,33.3,33.3,33.393750000000004,33.337500000000006,33.35,33.368750000000006,33.40625,33.40625,33.50625000000001,33.66875,33.775000000000006,33.84375000000001,33.91875,33.91875,33.956250000000004,34.01875,34.04375,34.04375
2019-04-03 07:08:54.885176,33.993750000000006,33.95,33.98125,33.925,33.88125,33.86875,33.86875,33.79375,33.831250000000004,33.86875,33.89375,33.900000000000006,33.900000000000006,33.875,33.875,33.900000000000006,33.875,33.9375,34.075,34.075,34.075
2019-04-03 07:08:58.422955,34.212500000000006,34.2,34.2,33.975,33.837500000000006,33.706250000000004,33.60625,33.3625,33.24375,33.287499999999994,33.287499999999994,33.26875,33.287499999999994,33.243750000000006,33.20625,33.225,33.35625,33.56875,33.56875,33.493750000000006,33.493750000000006
2019-04-11 08:47:39.382237,34.8,34.85625,34.875,34.85625,34.825,34.743750000000006,34.65,34.65,34.681250000000006,34.78125,34.800000000000004,34.7625,34.675,34.618750000000006,34.58125,34.58125,34.58125,34.625,34.581250000000004,34.63125,34.63125
2019-04-11 08:47:42.951106,34.5125,34.5125,34.79375,35.13125,35.06875,34.806250000000006,34.5,34.331250000000004,34.331250000000004,34.575,34.9,34.943749999999994,34.98125,34.9625,34.96875,35.050000000000004,35.050000000000004,35.10625,35.112500000000004,34.981249999999996,34.981249999999996
2019-04-11 08:47:46.524898,34.78125,34.78125,34.96875,35.10625,35.0,34.775000000000006,34.65625,34.693749999999994,34.693749999999994,34.6875,34.775,34.84375,34.84375,34.8875,34.8875,34.88125,34.868750000000006,34.868750000000006,34.88125,34.900000000000006,34.900000000000006
2019-04-11 08:47:50.107703,34.78750000000001,34.78750000000001,34.462500000000006,34.25,34.6625,35.04375,35.06875,35.0375,35.056250000000006,35.056250000000006,35.09375,35.075,35.1,34.96875,34.85,34.94375,35.025,34.89375,34.89375,34.7875,34.7875
2019-04-11 08:47:53.644180,34.59375,34.643750000000004,34.643750000000004,34.8125,34.96875,34.900000000000006,34.85,34.9,34.8875,34.8875,34.95,34.975,34.94375000000001,34.96875,35.012499999999996,35.0625,35.04375,35.04375,35.0,35.11875,35.11875
2019-04-11 08:47:57.211911,34.78125,34.5875,34.60625,34.60625,34.6125,34.650000000000006,34.631249999999994,34.76875,34.875,34.9875,35.20625,35.175,35.175,35.1625,35.175,35.15625,35.2,35.0625,35.0625,34.85625,34.85625
2019-04-11 08:48:00.755649,34.74375,34.84375,34.84375,34.96875,34.98125,34.94375,34.893750000000004,34.89375,34.8875,34.8875,34.89375,34.89375,34.84375,34.88125,34.962500000000006,34.956250000000004,34.97500000000001,34.97500000000001,34.99375,35.0375,35.0375
2019-04-11 08:48:04.305710,35.0875,35.175,35.175,35.25625,35.19375,35.087500000000006,35.0125,34.975,34.925,34.925,34.94375,34.9875,35.037499999999994,35.05625,35.0625,35.075,35.075,35.075,35.118750000000006,35.15625,35.15625
2019-04-11 08:48:07.855913,35.0,35.0,35.1,35.087500000000006,35.025,35.0125,34.9875,34.981249999999996,34.981249999999996,34.96875,34.98125,35.025000000000006,35.075,35.10625,35.1375,35.2,35.2,35.3375,35.4375,35.400000000000006,35.400000000000006
2019-04-11 08:48:11.437733,35.13125000000001,35.13125000000001,35.39375,35.30625,35.0625,34.806250000000006,35.0125,35.2875,35.2875,35.2125,34.9875,34.85,34.7625,34.725,34.71875,34.7,34.75625,34.75625,34.83125,34.86875,34.86875
2019-04-11 08:48:15.008841,34.95,35.050000000000004,35.050000000000004,35.0125,34.9875,34.90625,34.81875,34.83125,34.825,34.825,34.84375,34.9,34.95,34.93125,34.900000000000006,34.8875,34.8875,34.8875,34.90625,34.81875,34.81875
2019-04-11 08:48:18.611478,34.856249999999996,34.94375,34.975,34.975,34.956250000000004,34.862500000000004,34.71875,34.76875,34.825,35.1375,36.03125,36.03125,36.525,36.35,36.2625,36.237500000000004,35.98125,35.71875,35.50625000000001,35.50625000000001,35.50625000000001
2019-04-11 08:48:22.307277,35.237500000000004,35.21875,35.26875,35.2625,35.19375,35.2,35.306250000000006,35.306250000000006,35.325,35.337500000000006,35.337500000000006,35.300000000000004,35.3,35.34375,35.3625,35.33125,35.33125,35.337500000000006,35.33125,35.35000000000001,35.35000000000001
2019-04-11 08:48:25.923136,35.23125,35.28125,35.325,35.325,35.30625,35.268750000000004,35.287499999999994,35.29375,35.23125,35.25,35.24375,35.2875,35.2875,35.331250000000004,35.35625,35.35,35.29375,35.3,35.3125,35.31875,35.31875
2019-04-11 08:48:29.520269,34.875,33.925,33.58125,33.875,34.10625,34.10625,34.375,34.643750000000004,34.91875,35.09375,35.1375,35.1375,35.2,35.2,35.243750000000006,35.3,35.31875,35.5,35.55,35.2875,35.2875
2019-04-11 08:48:33.082604,35.068749999999994,35.13125,35.225,35.2,35.175,35.175,35.11875,35.09375,35.125,35.10625,34.96875000000001,34.91875,35.025,35.11875,35.11875,35.14375,35.087500000000006,35.1,35.125,35.1875,35.1875
2019-04-11 08:48:36.656281,35.33125000000001,35.45,35.349999999999994,35.087500000000006,34.85,34.84375,34.84375,35.118750000000006,35.28125,35.349999999999994,35.59375,35.475,35.125,35.125,35.01875,35.06875,35.1,35.10625,35.2125,34.97500000000001,34.97500000000001
2019-04-11 08:48:40.251948,33.98125,34.0875,35.05,35.28125,35.25,35.368750000000006,35.368750000000006,35.362500000000004,35.337500000000006,35.4125,35.35,35.31875,35.175,35.125,35.09375,35.09375,35.037499999999994,35.0625,35.075,35.050000000000004,35.050000000000004
2019-04-11 08:48:43.850460,35.13125000000001,35.325,35.325,35.35,35.3125,35.18125,35.075,34.9875,34.9875,34.9875,35.050000000000004,35.056250000000006,35.06875,35.06875000000001,35.09375,35.087500000000006,35.075,35.087500000000006,35.087500000000006,35.125,35.125
2019-04-11 08:48:47.389979,35.19375,35.2625,35.2625,35.2625,35.25,35.19375,35.087500000000006,34.98125,35.025,35.025,35.23125,35.306250000000006,35.45,35.618750000000006,35.6375,35.55,35.55,35.400000000000006,35.275,35.09375,35.09375
2019-04-11 08:48:50.990367,35.19375,35.425,35.425,35.237500000000004,35.181250000000006,35.0875,35.05,35.081250000000004,35.01875,35.056250000000006,35.075,35.075,35.10625,35.1875,35.25,35.18125,35.081250000000004,35.03125,35.03125,35.00625,35.00625
2019-04-11 08:48:54.573180,34.925000000000004,34.98125,35.10625,35.10625,35.0875,35.08125,34.993750000000006,35.0,34.96875,34.85,34.868750000000006,34.868750000000006,34.88125,34.90625,34.987500000000004,35.0375,35.01875,35.03125,35.04375,35.04375,35.04375
2019-04-11 08:48:58.170886,35.0,35.125,35.256249999999994,35.21875,35.1,35.1,35.01875,35.0125,35.0,34.96875,34.962500000000006,35.025000000000006,35.1125,35.1125,35.043749999999996,35.03125,35.04375,35.025,35.0,35.0375,35.0375
2019-04-11 08:49:01.706518,35.0,35.118750000000006,35.3125,35.25,35.10625,35.05,35.05,35.099999999999994,35.1375,35.075,34.9375,34.84375,34.83125,34.83125,34.825,34.931250000000006,35.0,34.88125000000001,34.65625,34.400000000000006,34.400000000000006
2019-04-11 08:49:05.270865,34.4125,34.775000000000006,34.993750000000006,34.95,34.95,34.875,34.825,34.85625,34.956250000000004,35.03750000000001,34.99375,34.993750000000006,34.993750000000006,34.96875,34.975,35.01875,35.0125,35.00625,35.0125,35.0,35.0
2019-04-11 08:49:08.850818,34.9625,35.081250000000004,35.225,35.18125,35.056250000000006,35.056250000000006,34.98125,35.025000000000006,35.03125,35.01875,35.10625,35.175,35.181250000000006,35.181250000000006,35.206250000000004,35.2375,35.24375,35.293749999999996,35.243750000000006,35.181250000000006,35.181250000000006
2019-04-11 08:49:12.443129,35.087500000000006,35.2875,35.45625,35.35625,35.3,35.1625,35.1625,35.075,35.1125,35.1,35.025,35.1125,35.18125,35.20625,35.212500000000006,35.2625,35.2625,35.39375,35.45,35.4125,35.4125
2019-04-11 08:49:16.050562,35.16875,35.16875,35.33125,35.3,35.20625,35.08125,35.025,35.00625,34.974999999999994,34.974999999999994,34.987500000000004,35.0375,35.087500000000006,35.1,35.09375,35.06875,35.09375,35.09375,35.09375000000001,35.13125,35.13125
2019-04-11 08:49:19.642956,35.125,35.23125,35.23125,35.28125,35.31250000000001,35.243750000000006,35.21875,35.21875,35.28125,36.1375,36.1375,36.84375,36.63125,36.425,36.25,36.04375,35.837500000000006,35.625,35.625,35.5125,35.5125
2019-04-11 08:49:23.260511,35.48125,35.53125,35.587500000000006,35.55625,35.5625,35.5625,35.6,35.60000000000001,35.618750000000006,35.6125,35.518750000000004,35.518750000000004,35.6125,35.6125,35.53125,35.48125,35.48125,35.46875,35.4375,35.45,35.45
2019-04-11 08:49:26.938381,35.118750000000006,34.262499999999996,33.95625,34.29375,34.5,34.6625,34.6625,34.85625,35.0,35.1,35.212500000000006,35.21875,35.243750000000006,35.28125,35.331250000000004,35.325,35.34375,35.34375,35.29375,35.26875,35.26875
2019-04-11 08:49:30.499487,35.243750000000006,35.3,35.368750000000006,35.368750000000006,35.425,35.337500000000006,35.28125,35.29375,35.26875,35.2625,35.2625,35.325,35.325,35.325,35.362500000000004,35.35,35.337500000000006,35.35,35.35,35.33125,35.33125
2019-04-11 08:49:34.077325,35.28125,35.35625,35.44375,35.44375,35.45625,35.45625,35.3625,35.33125,35.25,35.175,35.150000000000006,35.150000000000006,35.14375,35.23125,35.2625,35.225,35.224999999999994,35.262499999999996,35.28125,35.28125,35.28125
2019-04-11 08:49:37.643586,35.26875,35.3875,35.474999999999994,35.431250000000006,35.35,35.35,35.331250000000004,35.34375,35.325,35.325,35.325,35.337500000000006,35.3125,35.3125,35.325,35.493750000000006,35.65,35.650000000000006,35.575,35.3875,35.3875
2019-04-11 08:49:41.224122,35.362500000000004,35.4875,35.44375,35.306250000000006,35.306250000000006,35.21875,35.325,35.4375,35.40625,35.331250000000004,35.25,35.25,35.21875,35.2625,35.31875,35.325,35.3125,35.3125,35.325,35.35000000000001,35.35000000000001
2019-04-11 08:49:44.784986,35.3125,35.3875,35.4875,35.35625,35.29375,35.29375,35.25625000000001,35.03125,34.725,34.6375,34.79375,34.79375,35.099999999999994,35.337500000000006,35.337500000000006,35.1875,35.09375,35.087500000000006,35.09375,35.19375,35.19375
2019-04-11 08:49:48.368148,35.075,35.175000000000004,35.40625,35.41875,35.400000000000006,35.337500000000006,35.337500000000006,35.337500000000006,35.306250000000006,35.231249999999996,35.1625,35.212500000000006,35.2,35.2,35.2375,35.306250000000006,35.2375,35.2,35.23125,35.25,35.25
2019-04-11 08:49:51.972732,35.13125000000001,35.224999999999994,35.35625,35.325,35.3125,35.31875,35.31875,35.34375,35.35625,35.34375,35.306250000000006,35.26875,35.3875,35.46875,35.4375,35.4375,35.368750000000006,35.25,35.212500000000006,35.2625,35.2625
2019-04-11 08:49:55.552508,35.09375,35.09375,35.35625,35.462500000000006,35.368750000000006,35.29375,35.256249999999994,35.256249999999994,35.25,35.2375,35.256249999999994,35.25625000000001,35.212500000000006,35.23125,35.23125,35.19375,35.19375,35.175000000000004,35.1625,35.21875,35.21875
2019-04-11 08:49:59.100466,35.19375,35.34375,35.34375,35.3875,35.400000000000006,35.3,35.26875,35.212500000000006,35.15625,35.15625,35.20625,35.1875,35.16875,35.2,35.24375,35.28125,35.275,35.275,35.3125,35.337500000000006,35.337500000000006
2019-04-11 08:50:02.702787,35.2625,35.150000000000006,35.150000000000006,35.1125,35.16875,35.150000000000006,35.12500000000001,35.06875,35.03125,35.125,35.125,35.16875,35.19375,35.275,35.2625,35.15625000000001,35.90625,35.90625,36.7625,36.6125,36.6125
2019-04-11 08:50:06.401092,35.7375,34.75,34.26875,34.206250000000004,34.206250000000004,34.25625,34.46875,34.71875,34.90625,35.087500000000006,35.19375,35.1875,35.150000000000006,35.13125,35.15625,35.15625,35.15,35.13125,35.125,35.1375,35.1375
2019-04-11 08:50:09.969834,35.074999999999996,35.074999999999996,35.19375,35.2,35.181250000000006,35.1,35.0125,34.975,34.975,35.00625,35.087500000000006,35.118750000000006,35.46875,36.31875,36.63125,36.368750000000006,36.368750000000006,36.1875,36.00625,35.81875,35.81875
2019-04-11 08:50:13.603108,34.6,33.806250000000006,33.806250000000006,33.91875,34.243750000000006,34.51875,34.6875,34.837500000000006,35.050000000000004,35.2,35.21875,35.21875,35.25,35.337500000000006,35.337500000000006,35.35,35.368750000000006,35.275000000000006,35.243750000000006,35.243750000000006,35.243750000000006
2019-04-11 10:02:05.865567,35.125,35.09375,35.09375,35.0625,35.05,34.96875,34.925,34.93125,34.95,34.95,34.974999999999994,34.99375,35.01875,35.0125,34.956250000000004,34.89375,34.9,34.9,34.94375,34.975,34.975
2019-04-11 10:02:09.340531,35.14375,35.38125,35.38125,35.48125,35.41875,35.35625,35.29375,35.325,35.325,35.393750000000004,35.35625,35.33125,35.35,35.35,35.40625,35.475,35.475,35.55625,35.56875,35.50625,35.50625
2019-04-11 10:02:12.948211,35.487500000000004,35.28125,35.13125,35.118750000000006,35.125,35.143750000000004,35.112500000000004,35.04375,35.04375,34.93125,34.95625,35.04375,35.118750000000006,35.00625,35.00625,35.20625,35.11875,35.11875,35.14375,35.2375,35.2375
2019-04-11 10:02:16.477650,35.125,35.24375,35.400000000000006,35.39375,35.306250000000006,35.118750000000006,35.09375,35.09375,35.1125,35.125,35.14375,35.15625,35.23125,35.1375,35.1375,34.931250000000006,34.95,35.0875,35.15625,35.10625,35.10625
2019-04-11 10:02:20.020402,35.212500000000006,35.41875,35.51875,35.456250000000004,35.368750000000006,35.28125,35.28125,35.206250000000004,35.1625,35.08125,35.13125,35.125,35.10625,35.1125,35.1125,35.0875,35.118750000000006,35.15625,35.13125,35.15,35.15
2019-04-11 10:02:23.581950,35.237500000000004,35.325,35.40625,35.431250000000006,35.300000000000004,35.300000000000004,35.15,35.10625,35.00625,35.175000000000004,35.35625,35.3625,35.393750000000004,35.40625,35.46875,35.46875,35.4375,35.54375,35.575,35.55,35.55
2019-04-11 10:02:27.149723,35.4125,35.35625,35.40625,35.3125,35.275000000000006,35.1875,35.2375,35.2375,35.34375,35.362500000000004,35.45,35.43125,35.31875,35.34375,35.3875,35.3875,35.3875,35.38125,35.3875,35.3375,35.3375
2019-04-11 10:02:30.700157,35.425,35.48125,35.48125,35.50625,35.4375,35.35,35.38125,35.38125,35.4375,35.40625,35.41250000000001,35.443749999999994,35.33125,35.29375,35.29375,35.300000000000004,35.300000000000004,35.349999999999994,35.44375,35.556250000000006,35.556250000000006
